name	website
Bedrock Foundation Repair LLC	https://bedrockfoundationrepair.com
HD Foundations, Inc. Dallas TX	https://hdfoundationrepair.com
Groundworks Foundation Repair Dallas	https://groundworks.com
James Bond Complete Foundation Repair	https://jamesbondfoundationrepair.com
FCS Foundation Repair Dallas	https://fcsfoundationandconcrete.com
Ecoscape Foundation & Home Services	https://ecoscapefoundation.com
SOS Foundation Repair	https://sosfoundationrepair.com
Olshan Foundation Repair	https://olshanfoundation.com
Cortez Foundation Repair	https://cortezfoundationrepair.com
Stratum Foundation Repair	https://stratumfoundationrepair.com
Groundworks Foundation Repair Irving	https://groundworks.com
Smart Foundation Repair Dallas	https://permatechfr.com
Dallas Foundation Repair Specialists	https://dallasfoundationrepairspecialists.com
Texpro Foundation Repair	https://schema.org
Pinnacle Foundation Repair	https://pinnaclefoundationrepair.com
Arch Foundation Repair	https://archfoundationrepair.com
Centurion's construction and renovation LLC	https://meetcenturions.us
Elevate Foundation Repair LLC	https://elevatefoundationrepairllc.com
Amour Remodeling And Construction	https://amourremodelingdfw.com
Guaranteed Foundation Repair	https://guaranteedfoundationrepair.com
Cornerstone Foundation Repair	https://csfoundations.com
IFIX CONSTRUCTION	https://ifixconstruction.com
Foundation Repair Solutions	https://foundationrepairsolutions.net
Creation Roofing and Foundation	https://creationroofingandfoundation.com
Advanced Foundation Repair	https://foundationrepairs.com
Garcia's Foundation and Drainage	https://garciasfdllc.com
Expert Foundation Repair LLC	https://expertfoundationrepairdfw.com
Lindley Foundation Repair	https://lindleyfoundationrepairs.com
WTX Foundation Repair	https://wtxfoundationrepair.com
Security Home Foundation Repair LLC	https://securityfoundationrepair.net
Brown Foundation Repair	https://brownfoundationrepair.com
TX Foundation Repair Pros, LLC	https://txfoundationrepairpros.com
RB Construction USA LLC	https://rbconstructionusa.com
Elite Concrete Contractors Dallas	https://eliteconcretecontractorsdallas.com
Vesta Foundation Solutions	https://vestafoundationsolutions.com
Casto Leak Detection	https://castoleakdetection.com
Turnbow Construction	https://turnbowconstruction.com
Texas Concrete Leveling	https://texasconcreteleveling.net
Dallas Concrete Leveling & Mudjacking	https://mudjacking-dallas.com
R & M Concrete	https://r-m-concrete.localo.site
Lucky's Concrete Dallas	https://luckysconcretedallas.com
Metro Concrete Repair	https://metroconcreterepair.com
Sound Concrete and Masonry	https://soundconcreteandmasonry.com
Concrete Contractors Dallas	https://concretedtx.org
The Concrete Builders of Dallas	https://theconcretebuilders.com
Level King Concrete Repair	https://levelkingpro.com
Ram Jack Texas - DFW	https://ramjack.com
FoamWorks	https://foamworkspro.com
Complete Landscape & Design	https://completelandscapetx.com
Next Level Concrete Lifting	https://nextlevel-lifting.com
